[
  {
    "firstName": "piyapat",
    "lastName": "maiarrin",
    "occupationCategory": "Computer",
    "occupation": "Computer Engineer",
    "email": "pp@gmail.com",
    "password": "pp"
  },
  {
    "firstName": "piyapat",
    "lastName": "maiarrin",
    "occupationCategory": "Computer",
    "occupation": "Software Developer",
    "email": "praew@gmail.com",
    "password": "praew22"
  },
  {
    "firstName": "piyapat",
    "lastName": "maiarrin",
    "occupationCategory": "Scientific",
    "occupation": "Veterinarian",
    "email": "ppraew@gmail.com",
    "password": "p"
  },
  {
    "fname": "piyapat",
    "lname": "maiarrin",
    "email": "deeiicamat6@gmail.com",
    "subject": "",
    "message": "hi"
  },
  {
    "firstName": "p",
    "lastName": "pp",
    "occupationCategory": "Scientific",
    "occupation": "Ecologist",
    "email": "pz@gmail.com",
    "password": "pz"
  }
]